{"textures":{"0":"modelengine:entity/amarah"},"elements":[{"from":[4.271016,19.871103,21.90796],"to":[4.7069397,20.742945,22.431065],"rotation":{"angle":0.0,"axis":"y","origin":[5.142857,19.3894,22.75]},"faces":{"east":{"uv":[2.78126,12.5,2.5,12.90626],"rotation":0,"texture":"#0","tintindex":0},"south":{"uv":[2.78126,12.5,2.5,12.90626],"rotation":0,"texture":"#0","tintindex":0},"north":{"uv":[2.78126,12.5,2.5,12.90626],"rotation":0,"texture":"#0","tintindex":0},"west":{"uv":[2.78126,12.5,2.5,12.90626],"rotation":0,"texture":"#0","tintindex":0},"up":{"uv":[2.78126,12.5,2.5,12.90626],"rotation":0,"texture":"#0","tintindex":0},"down":{"uv":[2.78126,12.5,2.5,12.90626],"rotation":0,"texture":"#0","tintindex":0}}},{"from":[3.5627713,20.446619,21.90796],"to":[4.4346123,20.882542,22.431065],"rotation":{"angle":22.5,"axis":"z","origin":[4.4346123,21.31846,22.837189]},"faces":{"east":{"uv":[2.78126,12.5,2.5,12.90626],"rotation":0,"texture":"#0","tintindex":0},"south":{"uv":[2.78126,12.5,2.5,12.90626],"rotation":0,"texture":"#0","tintindex":0},"north":{"uv":[2.78126,12.5,2.5,12.90626],"rotation":0,"texture":"#0","tintindex":0},"west":{"uv":[2.78126,12.5,2.5,12.90626],"rotation":0,"texture":"#0","tintindex":0},"up":{"uv":[2.78126,12.5,2.5,12.90626],"rotation":0,"texture":"#0","tintindex":0},"down":{"uv":[2.78126,12.5,2.5,12.90626],"rotation":0,"texture":"#0","tintindex":0}}},{"from":[4.271016,20.857143,21.90796],"to":[4.7069397,21.728985,22.431065],"rotation":{"angle":0.0,"axis":"y","origin":[5.142857,20.857143,22.75]},"faces":{"east":{"uv":[2.78126,12.5,2.5,12.90626],"rotation":0,"texture":"#0","tintindex":0},"south":{"uv":[2.78126,12.5,2.5,12.90626],"rotation":0,"texture":"#0","tintindex":0},"north":{"uv":[2.78126,12.5,2.5,12.90626],"rotation":0,"texture":"#0","tintindex":0},"west":{"uv":[2.78126,12.5,2.5,12.90626],"rotation":0,"texture":"#0","tintindex":0},"up":{"uv":[2.78126,12.5,2.5,12.90626],"rotation":0,"texture":"#0","tintindex":0},"down":{"uv":[2.78126,12.5,2.5,12.90626],"rotation":0,"texture":"#0","tintindex":0}}},{"from":[4.3239017,20.5489,21.90796],"to":[5.1957426,20.984825,22.431065],"rotation":{"angle":-45.0,"axis":"z","origin":[5.1957426,21.420742,22.75]},"faces":{"east":{"uv":[2.78126,12.5,2.5,12.90626],"rotation":0,"texture":"#0","tintindex":0},"south":{"uv":[2.78126,12.5,2.5,12.90626],"rotation":0,"texture":"#0","tintindex":0},"north":{"uv":[2.78126,12.5,2.5,12.90626],"rotation":0,"texture":"#0","tintindex":0},"west":{"uv":[2.78126,12.5,2.5,12.90626],"rotation":0,"texture":"#0","tintindex":0},"up":{"uv":[2.78126,12.5,2.5,12.90626],"rotation":0,"texture":"#0","tintindex":0},"down":{"uv":[2.78126,12.5,2.5,12.90626],"rotation":0,"texture":"#0","tintindex":0}}},{"from":[3.7959528,20.582085,21.90796],"to":[4.667794,21.018002,22.431065],"rotation":{"angle":0.0,"axis":"y","origin":[4.667794,21.453926,22.837189]},"faces":{"east":{"uv":[2.78126,12.5,2.5,12.90626],"rotation":0,"texture":"#0","tintindex":0},"south":{"uv":[2.78126,12.5,2.5,12.90626],"rotation":0,"texture":"#0","tintindex":0},"north":{"uv":[2.78126,12.5,2.5,12.90626],"rotation":0,"texture":"#0","tintindex":0},"west":{"uv":[2.78126,12.5,2.5,12.90626],"rotation":0,"texture":"#0","tintindex":0},"up":{"uv":[2.78126,12.5,2.5,12.90626],"rotation":0,"texture":"#0","tintindex":0},"down":{"uv":[2.78126,12.5,2.5,12.90626],"rotation":0,"texture":"#0","tintindex":0}}},{"from":[3.7959528,20.582085,21.90796],"to":[4.1860914,21.018002,22.431065],"rotation":{"angle":0.0,"axis":"y","origin":[4.667794,21.453926,22.837189]},"faces":{"east":{"uv":[2.78126,12.5,2.5,12.90626],"rotation":0,"texture":"#0","tintindex":0},"south":{"uv":[2.78126,12.5,2.5,12.90626],"rotation":0,"texture":"#0","tintindex":0},"north":{"uv":[2.78126,12.5,2.5,12.90626],"rotation":0,"texture":"#0","tintindex":0},"west":{"uv":[2.78126,12.5,2.5,12.90626],"rotation":0,"texture":"#0","tintindex":0},"up":{"uv":[2.78126,12.5,2.5,12.90626],"rotation":0,"texture":"#0","tintindex":0},"down":{"uv":[2.78126,12.5,2.5,12.90626],"rotation":0,"texture":"#0","tintindex":0}}},{"from":[3.7822065,20.5489,21.90796],"to":[4.654054,20.984825,22.431065],"rotation":{"angle":45.0,"axis":"z","origin":[3.7822065,21.420742,22.139715]},"faces":{"east":{"uv":[2.78126,12.5,2.5,12.90626],"rotation":0,"texture":"#0","tintindex":0},"south":{"uv":[2.78126,12.5,2.5,12.90626],"rotation":0,"texture":"#0","tintindex":0},"north":{"uv":[2.78126,12.5,2.5,12.90626],"rotation":0,"texture":"#0","tintindex":0},"west":{"uv":[2.78126,12.5,2.5,12.90626],"rotation":0,"texture":"#0","tintindex":0},"up":{"uv":[2.78126,12.5,2.5,12.90626],"rotation":0,"texture":"#0","tintindex":0},"down":{"uv":[2.78126,12.5,2.5,12.90626],"rotation":0,"texture":"#0","tintindex":0}}},{"from":[4.7069397,20.232231,21.90796],"to":[5.142857,21.104073,22.431065],"rotation":{"angle":-45.0,"axis":"z","origin":[4.271016,21.104073,22.837189]},"faces":{"east":{"uv":[2.78126,12.5,2.5,12.90626],"rotation":0,"texture":"#0","tintindex":0},"south":{"uv":[2.78126,12.5,2.5,12.90626],"rotation":0,"texture":"#0","tintindex":0},"north":{"uv":[2.78126,12.5,2.5,12.90626],"rotation":0,"texture":"#0","tintindex":0},"west":{"uv":[2.78126,12.5,2.5,12.90626],"rotation":0,"texture":"#0","tintindex":0},"up":{"uv":[2.78126,12.5,2.5,12.90626],"rotation":0,"texture":"#0","tintindex":0},"down":{"uv":[2.78126,12.5,2.5,12.90626],"rotation":0,"texture":"#0","tintindex":0}}},{"from":[4.310155,20.582085,21.90796],"to":[5.182003,21.018002,22.431065],"rotation":{"angle":0.0,"axis":"y","origin":[4.310155,21.453926,22.052528]},"faces":{"east":{"uv":[2.78126,12.5,2.5,12.90626],"rotation":0,"texture":"#0","tintindex":0},"south":{"uv":[2.78126,12.5,2.5,12.90626],"rotation":0,"texture":"#0","tintindex":0},"north":{"uv":[2.78126,12.5,2.5,12.90626],"rotation":0,"texture":"#0","tintindex":0},"west":{"uv":[2.78126,12.5,2.5,12.90626],"rotation":0,"texture":"#0","tintindex":0},"up":{"uv":[2.78126,12.5,2.5,12.90626],"rotation":0,"texture":"#0","tintindex":0},"down":{"uv":[2.78126,12.5,2.5,12.90626],"rotation":0,"texture":"#0","tintindex":0}}},{"from":[4.543344,20.446619,21.90796],"to":[5.415185,20.882542,22.431065],"rotation":{"angle":-22.5,"axis":"z","origin":[4.543344,21.31846,22.052528]},"faces":{"east":{"uv":[2.78126,12.5,2.5,12.90626],"rotation":0,"texture":"#0","tintindex":0},"south":{"uv":[2.78126,12.5,2.5,12.90626],"rotation":0,"texture":"#0","tintindex":0},"north":{"uv":[2.78126,12.5,2.5,12.90626],"rotation":0,"texture":"#0","tintindex":0},"west":{"uv":[2.78126,12.5,2.5,12.90626],"rotation":0,"texture":"#0","tintindex":0},"up":{"uv":[2.78126,12.5,2.5,12.90626],"rotation":0,"texture":"#0","tintindex":0},"down":{"uv":[2.78126,12.5,2.5,12.90626],"rotation":0,"texture":"#0","tintindex":0}}},{"from":[4.7918577,20.582085,21.90796],"to":[5.182003,21.018002,22.431065],"rotation":{"angle":0.0,"axis":"y","origin":[4.310155,21.453926,22.052528]},"faces":{"east":{"uv":[2.78126,12.5,2.5,12.90626],"rotation":0,"texture":"#0","tintindex":0},"south":{"uv":[2.78126,12.5,2.5,12.90626],"rotation":0,"texture":"#0","tintindex":0},"north":{"uv":[2.78126,12.5,2.5,12.90626],"rotation":0,"texture":"#0","tintindex":0},"west":{"uv":[2.78126,12.5,2.5,12.90626],"rotation":0,"texture":"#0","tintindex":0},"up":{"uv":[2.78126,12.5,2.5,12.90626],"rotation":0,"texture":"#0","tintindex":0},"down":{"uv":[2.78126,12.5,2.5,12.90626],"rotation":0,"texture":"#0","tintindex":0}}},{"from":[3.8350925,20.232231,21.90796],"to":[4.271016,21.104073,22.431065],"rotation":{"angle":45.0,"axis":"z","origin":[4.7069397,21.104073,22.052528]},"faces":{"east":{"uv":[2.78126,12.5,2.5,12.90626],"rotation":0,"texture":"#0","tintindex":0},"south":{"uv":[2.78126,12.5,2.5,12.90626],"rotation":0,"texture":"#0","tintindex":0},"north":{"uv":[2.78126,12.5,2.5,12.90626],"rotation":0,"texture":"#0","tintindex":0},"west":{"uv":[2.78126,12.5,2.5,12.90626],"rotation":0,"texture":"#0","tintindex":0},"up":{"uv":[2.78126,12.5,2.5,12.90626],"rotation":0,"texture":"#0","tintindex":0},"down":{"uv":[2.78126,12.5,2.5,12.90626],