{"textures":{"0":"modelengine:entity/fx_aether_strike","1":"honor:honor_texture/garagang"},"elements":[{"from":[7.535634,9.479,7.6996818],"to":[8.3189945,15.687457,8.812184],"rotation":{"angle":0.0,"axis":"y","origin":[7.9273143,10.2470875,7.665237]},"faces":{"east":{"uv":[20.0,26.0,21.375,33.5625],"rotation":0,"texture":"#0","tintindex":0},"south":{"uv":[28.0,0.0,28.9375,7.5625],"rotation":0,"texture":"#0","tintindex":0},"north":{"uv":[27.0,0.0,27.9375,7.5625],"rotation":0,"texture":"#0","tintindex":0},"west":{"uv":[22.0,26.0,23.375,33.5625],"rotation":0,"texture":"#0","tintindex":0},"up":{"uv":[32.9375,15.375,32.0,14.0],"rotation":0,"texture":"#0","tintindex":0},"down":{"uv":[32.9375,16.0,32.0,17.375],"rotation":0,"texture":"#0","tintindex":0}}},{"from":[7.437714,15.295777,7.482859],"to":[8.416914,16.14579,8.757876],"rotation":{"angle":-22.5,"axis":"x","origin":[7.9273143,15.638497,8.16151]},"faces":{"east":{"uv":[32.0,26.0,33.1875,27.0625],"rotation":0,"texture":"#0","tintindex":0},"south":{"uv":[32.0,26.0,33.1875,27.0625],"rotation":0,"texture":"#0","tintindex":0},"north":{"uv":[32.0,26.0,33.1875,27.0625],"rotation":0,"texture":"#0","tintindex":0},"west":{"uv":[32.0,26.0,33.1875,27.0625],"rotation":0,"texture":"#0","tintindex":0},"up":{"uv":[31.1875,13.5625,30.0,12.0],"rotation":0,"texture":"#0","tintindex":0},"down":{"uv":[31.1875,14.0,30.0,15.5625],"rotation":0,"texture":"#0","tintindex":0}}},{"from":[7.507657,15.771389,7.5688477],"to":[8.3469715,16.45683,8.548048],"rotation":{"angle":0.0,"axis":"y","origin":[7.9273143,16.8983,7.495004]},"faces":{"east":{"uv":[10.0,33.0,11.1875,33.8125],"rotation":0,"texture":"#0","tintindex":0},"south":{"uv":[33.0,25.0,34.0,25.8125],"rotation":0,"texture":"#0","tintindex":0},"north":{"uv":[33.0,24.0,34.0,24.8125],"rotation":0,"texture":"#0","tintindex":0},"west":{"uv":[12.0,33.0,13.1875,33.8125],"rotation":0,"texture":"#0","tintindex":0},"up":{"uv":[33.0,29.1875,32.0,28.0],"rotation":0,"texture":"#0","tintindex":0},"down":{"uv":[30.0,32.0,29.0,33.1875],"rotation":0,"texture":"#0","tintindex":0}}},{"from":[7.5097556,15.8875265,7.506977],"to":[8.344873,16.568771,7.99238],"rotation":{"angle":22.5,"axis":"x","origin":[7.9273143,16.8983,7.495004]},"faces":{"east":{"uv":[27.0,34.0,27.5625,34.8125],"rotation":0,"texture":"#0","tintindex":0},"south":{"uv":[33.0,29.0,34.0,29.8125],"rotation":0,"texture":"#0","tintindex":0},"north":{"uv":[33.0,28.0,34.0,28.8125],"rotation":0,"texture":"#0","tintindex":0},"west":{"uv":[28.0,34.0,28.5625,34.8125],"rotation":0,"texture":"#0","tintindex":0},"up":{"uv":[17.0,34.5625,16.0,34.0],"rotation":0,"texture":"#0","tintindex":0},"down":{"uv":[35.0,16.0,34.0,16.5625],"rotation":0,"texture":"#0","tintindex":0}}},{"from":[7.509056,16.502966,6.56441],"to":[8.345572,16.989769,7.2470527],"rotation":{"angle":-45.0,"axis":"x","origin":[7.9273143,16.8983,7.495004]},"faces":{"east":{"uv":[29.0,34.0,29.8125,34.5625],"rotation":0,"texture":"#0","tintindex":0},"south":{"uv":[34.0,17.0,35.0,17.5625],"rotation":0,"texture":"#0","tintindex":0},"north":{"uv":[17.0,34.0,18.0,34.5625],"rotation":0,"texture":"#0","tintindex":0},"west":{"uv":[30.0,34.0,30.8125,34.5625],"rotation":0,"texture":"#0","tintindex":0},"up":{"uv":[34.0,30.8125,33.0,30.0],"rotation":0,"texture":"#0","tintindex":0},"down":{"uv":[32.0,33.0,31.0,33.8125],"rotation":0,"texture":"#0","tintindex":0}}},{"from":[7.5083566,16.62814,6.5991187],"to":[8.346272,17.11634,7.2831597],"rotation":{"angle":-22.5,"axis":"x","origin":[7.9273143,16.8983,7.495004]},"faces":{"east":{"uv":[31.0,34.0,31.8125,34.5625],"rotation":0,"texture":"#0","tintindex":0},"south":{"uv":[34.0,19.0,35.0,19.5625],"rotation":0,"texture":"#0","tintindex":0},"north":{"uv":[34.0,18.0,35.0,18.5625],"rotation":0,"texture":"#0","tintindex":0},"west":{"uv":[32.0,34.0,32.8125,34.5625],"rotation":0,"texture":"#0","tintindex":0},"up":{"uv":[34.0,31.8125,33.0,31.0],"rotation":0,"texture":"#0","tintindex":0},"down":{"uv":[33.0,33.0,32.0,33.8125],"rotation":0,"texture":"#0","tintindex":0}}},{"from":[7.507657,16.60371,8.548048],"to":[8.3469715,17.72979,9.821008],"rotation":{"angle":0.0,"axis":"y","origin":[7.9273143,16.8983,8.767964]},"faces":{"east":{"uv":[30.0,8.0,31.5625,9.375],"rotation":0,"texture":"#0","tintindex":0},"south":{"uv":[32.0,8.0,33.0,9.375],"rotation":0,"texture":"#0","tintindex":0},"north":{"uv":[32.0,6.0,33.0,7.375],"rotation":0,"texture":"#0","tintindex":0},"west":{"uv":[30.0,10.0,31.5625,11.375],"rotation":0,"texture":"#0","tintindex":0},"up":{"uv":[30.0,31.5625,29.0,30.0],"rotation":0,"texture":"#0","tintindex":0},"down":{"uv":[31.0,30.0,30.0,31.5625],"rotation":0,"texture":"#0","tintindex":0}}},{"from":[7.507657,18.51315,6.5896473],"to":[8.3469715,19.14963,9.723087],"rotation":{"angle":0.0,"axis":"y","origin":[7.9273143,18.562939,7.7398043]},"faces":{"east":{"uv":[18.0,16.0,21.8125,16.75],"rotation":0,"texture":"#0","tintindex":0},"south":{"uv":[34.0,10.0,35.0,10.75],"rotation":0,"texture":"#0","tintindex":0},"north":{"uv":[10.0,34.0,11.0,34.75],"rotation":0,"texture":"#0","tintindex":0},"west":{"uv":[22.0,16.0,25.8125,16.75],"rotation":0,"texture":"#0","tintindex":0},"up":{"uv":[30.0,29.8125,29.0,26.0],"rotation":0,"texture":"#0","tintindex":0},"down":{"uv":[31.0,0.0,30.0,3.8125],"rotation":0,"texture":"#0","tintindex":0}}},{"from":[7.507657,16.45683,7.2750874],"to":[8.3469715,17.72979,8.548048],"rotation":{"angle":0.0,"axis":"y","origin":[7.9273143,16.8983,7.495004]},"faces":{"east":{"uv":[30.0,4.0,31.5625,5.5625],"rotation":0,"texture":"#0","tintindex":0},"south":{"uv":[31.0,2.0,32.0,3.5625],"rotation":0,"texture":"#0","tintindex":0},"north":{"uv":[31.0,0.0,32.0,1.5625],"rotation":0,"texture":"#0","tintindex":0},"west":{"uv":[30.0,6.0,31.5625,7.5625],"rotation":0,"texture":"#0","tintindex":0},"up":{"uv":[32.0,31.5625,31.0,30.0],"rotation":0,"texture":"#0","tintindex":0},"down":{"uv":[33.0,0.0,32.0,1.5625],"rotation":0,"texture":"#0","tintindex":0}}},{"from":[7.507657,17.72979,7.486562],"to":[8.3469715,18.51315,8.6459675],"rotation":{"angle":0.0,"axis":"y","origin":[7.9273143,17.92646,7.6908445]},"faces":{"east":{"uv":[26.0,16.0,27.4375,16.9375],"rotation":0,"texture":"#0","tintindex":0},"south":{"uv":[16.0,33.0,17.0,33.9375],"rotation":0,"texture":"#0","tintindex":0},"north":{"uv":[29.0,8.0,30.0,8.9375],"rotation":0,"texture":"#0","tintindex":0},"west":{"uv":[27.0,8.0,28.4375,8.9375],"rotation":0,"texture":"#0","tintindex":0},"up":{"uv":[33.0,3.4375,32.0,2.0],"rotation":0,"texture":"#0","tintindex":0},"down":{"uv":[33.0,4.0,32.0,5.4375],"rotation":0,"texture":"#0","tintindex":0}}},{"from":[7.507657,16.750587,6.5896473],"to":[8.3469715,17.72979,7.2750874],"rotation":{"angle":0.0,"axis":"y","origin":[7.9273143,16.89161,7.501694]},"faces":{"east":{"uv":[14.0,33.0,14.8125,34.1875],"rotation":0,"texture":"#0","tintindex":0},"south":{"uv":[32.0,30.0,33.0,31.1875],"rotation":0,"texture":"#0","tintindex":0},"north":{"uv":[30.0,32.0,31.0,33.1875],"rotation":0,"texture":"#0","tintindex":0},"west":{"uv":[15.0,33.0,15.8125,34.1875],"rotation":0,"texture":"#0","tintindex":0},"up":{"uv":[34.0,32.8125,33.0,32.0],"rotation":0,"texture":"#0","tintindex":0},"down":{"uv":[34.0,33.0,33.0,33.8125],"rotation":0,"texture":"#0","tintindex":0}}},{"from":[7.535634,-1.5849075,5.4648666],"to":[8.3749485,-0.89946747,6.6086383],"rotation":{"angle":22.5,"axis":"x","origin":[7.9552913,-2.0263786,6.682482]},"faces":{"east":{"uv":[15.1875,4.0,14.5,4.40626],"rotation":0,"texture":"#1","tintindex":0},"south":{"uv":[2.0,17.5,2.5,17.90626],"rotation":0,"texture":"#1","tintindex":0},"north":{"uv":[17.5,1.5,18.0,1.90626],"rotation":0,"texture":"#1","tintindex":0},"west":{"uv":[14.5,4.0,15.1875,4.40626],"rotation":0,"texture":"#1","tintindex":0},"up":{"uv":[10.0,17.1875,9.5,16.5],"rotation":0,"texture":"#1","tintindex":0},"down":{"uv":[10.5,16.5,10.0,17.1875],"rotation":0,"texture":"#1","tintindex":0}}},{"from":[7.5377326,-2.0144062,7.012011],"to":[8.37285,-1.5290031,7.6932545],